run_id,suite_id,scenario,seed,scale,snapshot_date,from_bucket,to_bucket,contract_count,balance
RUN_baseline_sample_2026_29e3fb70,SUITE_sample_2026,baseline,2026,sample,2024-02-29,current,1-29,7,39644.51
RUN_baseline_sample_2026_29e3fb70,SUITE_sample_2026,baseline,2026,sample,2024-02-29,current,current,2,12418.73
RUN_baseline_sample_2026_29e3fb70,SUITE_sample_2026,baseline,2026,sample,2024-03-31,1-29,30-59,3,15431.85
RUN_baseline_sample_2026_29e3fb70,SUITE_sample_2026,baseline,2026,sample,2024-03-31,1-29,current,4,15522.60
RUN_baseline_sample_2026_29e3fb70,SUITE_sample_2026,baseline,2026,sample,2024-03-31,current,1-29,7,35689.47
RUN_baseline_sample_2026_29e3fb70,SUITE_sample_2026,baseline,2026,sample,2024-03-31,current,current,28,135348.69
RUN_baseline_sample_2026_29e3fb70,SUITE_sample_2026,baseline,2026,sample,2024-04-30,1-29,30-59,5,20391.89
RUN_baseline_sample_2026_29e3fb70,SUITE_sample_2026,baseline,2026,sample,2024-04-30,1-29,current,2,14256.91
RUN_baseline_sample_2026_29e3fb70,SUITE_sample_2026,baseline,2026,sample,2024-04-30,30-59,60-89,2,9349.18
RUN_baseline_sample_2026_29e3fb70,SUITE_sample_2026,baseline,2026,sample,2024-04-30,30-59,current,1,0.00
RUN_baseline_sample_2026_29e3fb70,SUITE_sample_2026,baseline,2026,sample,2024-04-30,current,1-29,24,134900.75
RUN_baseline_sample_2026_29e3fb70,SUITE_sample_2026,baseline,2026,sample,2024-04-30,current,current,63,282162.29
RUN_baseline_sample_2026_29e3fb70,SUITE_sample_2026,baseline,2026,sample,2024-05-31,1-29,30-59,20,121598.56
RUN_baseline_sample_2026_29e3fb70,SUITE_sample_2026,baseline,2026,sample,2024-05-31,1-29,current,4,9926.99
RUN_baseline_sample_2026_29e3fb70,SUITE_sample_2026,baseline,2026,sample,2024-05-31,30-59,60-89,5,20391.89
RUN_baseline_sample_2026_29e3fb70,SUITE_sample_2026,baseline,2026,sample,2024-05-31,60-89,90+,1,6287.56
RUN_baseline_sample_2026_29e3fb70,SUITE_sample_2026,baseline,2026,sample,2024-05-31,60-89,current,1,1085.27
RUN_baseline_sample_2026_29e3fb70,SUITE_sample_2026,baseline,2026,sample,2024-05-31,current,1-29,29,146429.93
RUN_baseline_sample_2026_29e3fb70,SUITE_sample_2026,baseline,2026,sample,2024-05-31,current,30-59,1,10920.67
RUN_baseline_sample_2026_29e3fb70,SUITE_sample_2026,baseline,2026,sample,2024-05-31,current,current,117,437957.62
RUN_baseline_sample_2026_29e3fb70,SUITE_sample_2026,baseline,2026,sample,2024-06-30,1-29,30-59,24,115243.30
RUN_baseline_sample_2026_29e3fb70,SUITE_sample_2026,baseline,2026,sample,2024-06-30,1-29,current,5,26568.08
RUN_baseline_sample_2026_29e3fb70,SUITE_sample_2026,baseline,2026,sample,2024-06-30,30-59,60-89,18,113671.70
RUN_baseline_sample_2026_29e3fb70,SUITE_sample_2026,baseline,2026,sample,2024-06-30,30-59,current,3,14863.70
RUN_baseline_sample_2026_29e3fb70,SUITE_sample_2026,baseline,2026,sample,2024-06-30,60-89,90+,3,6816.50
RUN_baseline_sample_2026_29e3fb70,SUITE_sample_2026,baseline,2026,sample,2024-06-30,60-89,current,2,8170.21
RUN_baseline_sample_2026_29e3fb70,SUITE_sample_2026,baseline,2026,sample,2024-06-30,90+,90+,1,6287.56
RUN_baseline_sample_2026_29e3fb70,SUITE_sample_2026,baseline,2026,sample,2024-06-30,current,1-29,47,208389.95
RUN_baseline_sample_2026_29e3fb70,SUITE_sample_2026,baseline,2026,sample,2024-06-30,current,30-59,1,6415.42
RUN_baseline_sample_2026_29e3fb70,SUITE_sample_2026,baseline,2026,sample,2024-06-30,current,current,159,604600.02
RUN_baseline_sample_2026_29e3fb70,SUITE_sample_2026,baseline,2026,sample,2024-07-31,1-29,30-59,35,149424.68
RUN_baseline_sample_2026_29e3fb70,SUITE_sample_2026,baseline,2026,sample,2024-07-31,1-29,60-89,2,3313.58
RUN_baseline_sample_2026_29e3fb70,SUITE_sample_2026,baseline,2026,sample,2024-07-31,1-29,current,10,39292.17
RUN_baseline_sample_2026_29e3fb70,SUITE_sample_2026,baseline,2026,sample,2024-07-31,30-59,60-89,18,82564.53
RUN_baseline_sample_2026_29e3fb70,SUITE_sample_2026,baseline,2026,sample,2024-07-31,30-59,current,7,27964.02
RUN_baseline_sample_2026_29e3fb70,SUITE_sample_2026,baseline,2026,sample,2024-07-31,60-89,90+,13,81778.98
RUN_baseline_sample_2026_29e3fb70,SUITE_sample_2026,baseline,2026,sample,2024-07-31,60-89,current,5,19947.91
RUN_baseline_sample_2026_29e3fb70,SUITE_sample_2026,baseline,2026,sample,2024-07-31,90+,90+,3,4649.91
RUN_baseline_sample_2026_29e3fb70,SUITE_sample_2026,baseline,2026,sample,2024-07-31,90+,current,1,1715.19
RUN_baseline_sample_2026_29e3fb70,SUITE_sample_2026,baseline,2026,sample,2024-07-31,current,1-29,64,302248.47
RUN_baseline_sample_2026_29e3fb70,SUITE_sample_2026,baseline,2026,sample,2024-07-31,current,30-59,3,12386.75
RUN_baseline_sample_2026_29e3fb70,SUITE_sample_2026,baseline,2026,sample,2024-07-31,current,current,199,740250.44
RUN_baseline_sample_2026_29e3fb70,SUITE_sample_2026,baseline,2026,sample,2024-08-31,1-29,30-59,50,239237.49
RUN_baseline_sample_2026_29e3fb70,SUITE_sample_2026,baseline,2026,sample,2024-08-31,1-29,60-89,1,1262.27
RUN_baseline_sample_2026_29e3fb70,SUITE_sample_2026,baseline,2026,sample,2024-08-31,1-29,current,13,49420.70
RUN_baseline_sample_2026_29e3fb70,SUITE_sample_2026,baseline,2026,sample,2024-08-31,30-59,60-89,29,120578.70
RUN_baseline_sample_2026_29e3fb70,SUITE_sample_2026,baseline,2026,sample,2024-08-31,30-59,90+,1,7899.22
RUN_baseline_sample_2026_29e3fb70,SUITE_sample_2026,baseline,2026,sample,2024-08-31,30-59,current,8,16206.14
RUN_baseline_sample_2026_29e3fb70,SUITE_sample_2026,baseline,2026,sample,2024-08-31,60-89,90+,12,51650.00
RUN_baseline_sample_2026_29e3fb70,SUITE_sample_2026,baseline,2026,sample,2024-08-31,60-89,current,8,17136.34
RUN_baseline_sample_2026_29e3fb70,SUITE_sample_2026,baseline,2026,sample,2024-08-31,90+,90+,12,64050.51
RUN_baseline_sample_2026_29e3fb70,SUITE_sample_2026,baseline,2026,sample,2024-08-31,90+,current,3,7722.80
RUN_baseline_sample_2026_29e3fb70,SUITE_sample_2026,baseline,2026,sample,2024-08-31,current,1-29,77,288718.52
RUN_baseline_sample_2026_29e3fb70,SUITE_sample_2026,baseline,2026,sample,2024-08-31,current,30-59,3,16283.08
RUN_baseline_sample_2026_29e3fb70,SUITE_sample_2026,baseline,2026,sample,2024-08-31,current,current,272,1002394.50
RUN_baseline_sample_2026_29e3fb70,SUITE_sample_2026,baseline,2026,sample,2024-09-30,1-29,30-59,58,224043.48
RUN_baseline_sample_2026_29e3fb70,SUITE_sample_2026,baseline,2026,sample,2024-09-30,1-29,current,19,46097.74
RUN_baseline_sample_2026_29e3fb70,SUITE_sample_2026,baseline,2026,sample,2024-09-30,30-59,60-89,35,166817.08
RUN_baseline_sample_2026_29e3fb70,SUITE_sample_2026,baseline,2026,sample,2024-09-30,30-59,current,18,67355.24
RUN_baseline_sample_2026_29e3fb70,SUITE_sample_2026,baseline,2026,sample,2024-09-30,60-89,90+,27,114872.33
RUN_baseline_sample_2026_29e3fb70,SUITE_sample_2026,baseline,2026,sample,2024-09-30,60-89,current,3,4199.94
RUN_baseline_sample_2026_29e3fb70,SUITE_sample_2026,baseline,2026,sample,2024-09-30,90+,90+,23,54927.65
RUN_baseline_sample_2026_29e3fb70,SUITE_sample_2026,baseline,2026,sample,2024-09-30,current,1-29,101,410485.95
RUN_baseline_sample_2026_29e3fb70,SUITE_sample_2026,baseline,2026,sample,2024-09-30,current,30-59,1,3425.09
RUN_baseline_sample_2026_29e3fb70,SUITE_sample_2026,baseline,2026,sample,2024-09-30,current,current,342,1284277.26
RUN_baseline_sample_2026_29e3fb70,SUITE_sample_2026,baseline,2026,sample,2024-10-31,1-29,30-59,73,292973.25
RUN_baseline_sample_2026_29e3fb70,SUITE_sample_2026,baseline,2026,sample,2024-10-31,1-29,60-89,4,6656.82
RUN_baseline_sample_2026_29e3fb70,SUITE_sample_2026,baseline,2026,sample,2024-10-31,1-29,current,24,91168.09
RUN_baseline_sample_2026_29e3fb70,SUITE_sample_2026,baseline,2026,sample,2024-10-31,30-59,60-89,47,164023.64
RUN_baseline_sample_2026_29e3fb70,SUITE_sample_2026,baseline,2026,sample,2024-10-31,30-59,current,12,33761.07
RUN_baseline_sample_2026_29e3fb70,SUITE_sample_2026,baseline,2026,sample,2024-10-31,60-89,90+,21,101381.01
RUN_baseline_sample_2026_29e3fb70,SUITE_sample_2026,baseline,2026,sample,2024-10-31,60-89,current,14,45179.90
RUN_baseline_sample_2026_29e3fb70,SUITE_sample_2026,baseline,2026,sample,2024-10-31,90+,90+,28,85200.44
RUN_baseline_sample_2026_29e3fb70,SUITE_sample_2026,baseline,2026,sample,2024-10-31,90+,current,11,24578.37
RUN_baseline_sample_2026_29e3fb70,SUITE_sample_2026,baseline,2026,sample,2024-10-31,current,1-29,113,475670.78
RUN_baseline_sample_2026_29e3fb70,SUITE_sample_2026,baseline,2026,sample,2024-10-31,current,30-59,9,43832.38
RUN_baseline_sample_2026_29e3fb70,SUITE_sample_2026,baseline,2026,sample,2024-10-31,current,current,404,1461433.82
RUN_baseline_sample_2026_29e3fb70,SUITE_sample_2026,baseline,2026,sample,2024-11-30,1-29,30-59,86,376526.87
RUN_baseline_sample_2026_29e3fb70,SUITE_sample_2026,baseline,2026,sample,2024-11-30,1-29,current,27,80124.98
RUN_baseline_sample_2026_29e3fb70,SUITE_sample_2026,baseline,2026,sample,2024-11-30,30-59,60-89,56,228450.39
RUN_baseline_sample_2026_29e3fb70,SUITE_sample_2026,baseline,2026,sample,2024-11-30,30-59,current,26,78530.25
RUN_baseline_sample_2026_29e3fb70,SUITE_sample_2026,baseline,2026,sample,2024-11-30,60-89,90+,39,123193.17
RUN_baseline_sample_2026_29e3fb70,SUITE_sample_2026,baseline,2026,sample,2024-11-30,60-89,current,12,23365.74
RUN_baseline_sample_2026_29e3fb70,SUITE_sample_2026,baseline,2026,sample,2024-11-30,90+,90+,31,70810.26
RUN_baseline_sample_2026_29e3fb70,SUITE_sample_2026,baseline,2026,sample,2024-11-30,90+,current,10,25806.80
RUN_baseline_sample_2026_29e3fb70,SUITE_sample_2026,baseline,2026,sample,2024-11-30,current,1-29,142,570720.68
RUN_baseline_sample_2026_29e3fb70,SUITE_sample_2026,baseline,2026,sample,2024-11-30,current,30-59,2,10498.27
RUN_baseline_sample_2026_29e3fb70,SUITE_sample_2026,baseline,2026,sample,2024-11-30,current,current,474,1755000.65
RUN_baseline_sample_2026_29e3fb70,SUITE_sample_2026,baseline,2026,sample,2024-12-31,1-29,30-59,104,405045.63
RUN_baseline_sample_2026_29e3fb70,SUITE_sample_2026,baseline,2026,sample,2024-12-31,1-29,60-89,2,1128.82
RUN_baseline_sample_2026_29e3fb70,SUITE_sample_2026,baseline,2026,sample,2024-12-31,1-29,current,36,124419.17
RUN_baseline_sample_2026_29e3fb70,SUITE_sample_2026,baseline,2026,sample,2024-12-31,30-59,60-89,62,269346.32
RUN_baseline_sample_2026_29e3fb70,SUITE_sample_2026,baseline,2026,sample,2024-12-31,30-59,90+,2,15285.26
RUN_baseline_sample_2026_29e3fb70,SUITE_sample_2026,baseline,2026,sample,2024-12-31,30-59,current,24,67173.61
RUN_baseline_sample_2026_29e3fb70,SUITE_sample_2026,baseline,2026,sample,2024-12-31,60-89,90+,43,163131.33
RUN_baseline_sample_2026_29e3fb70,SUITE_sample_2026,baseline,2026,sample,2024-12-31,60-89,current,13,37926.50
RUN_baseline_sample_2026_29e3fb70,SUITE_sample_2026,baseline,2026,sample,2024-12-31,90+,90+,42,100640.63
RUN_baseline_sample_2026_29e3fb70,SUITE_sample_2026,baseline,2026,sample,2024-12-31,90+,current,11,16338.93
RUN_baseline_sample_2026_29e3fb70,SUITE_sample_2026,baseline,2026,sample,2024-12-31,current,1-29,167,770687.56
RUN_baseline_sample_2026_29e3fb70,SUITE_sample_2026,baseline,2026,sample,2024-12-31,current,30-59,8,32637.98
RUN_baseline_sample_2026_29e3fb70,SUITE_sample_2026,baseline,2026,sample,2024-12-31,current,current,544,2061035.59
RUN_collections_change_sample_2026_7932bc75,SUITE_sample_2026,collections_change,2026,sample,2024-02-29,current,1-29,7,39644.51
RUN_collections_change_sample_2026_7932bc75,SUITE_sample_2026,collections_change,2026,sample,2024-02-29,current,current,2,12418.73
RUN_collections_change_sample_2026_7932bc75,SUITE_sample_2026,collections_change,2026,sample,2024-03-31,1-29,30-59,3,15431.85
RUN_collections_change_sample_2026_7932bc75,SUITE_sample_2026,collections_change,2026,sample,2024-03-31,1-29,current,4,15522.60
RUN_collections_change_sample_2026_7932bc75,SUITE_sample_2026,collections_change,2026,sample,2024-03-31,current,1-29,7,35689.47
RUN_collections_change_sample_2026_7932bc75,SUITE_sample_2026,collections_change,2026,sample,2024-03-31,current,current,28,135348.69
RUN_collections_change_sample_2026_7932bc75,SUITE_sample_2026,collections_change,2026,sample,2024-04-30,1-29,30-59,4,19785.20
RUN_collections_change_sample_2026_7932bc75,SUITE_sample_2026,collections_change,2026,sample,2024-04-30,1-29,current,3,14515.41
RUN_collections_change_sample_2026_7932bc75,SUITE_sample_2026,collections_change,2026,sample,2024-04-30,30-59,60-89,1,3061.62
RUN_collections_change_sample_2026_7932bc75,SUITE_sample_2026,collections_change,2026,sample,2024-04-30,30-59,current,2,4953.90
RUN_collections_change_sample_2026_7932bc75,SUITE_sample_2026,collections_change,2026,sample,2024-04-30,current,1-29,27,159458.25
RUN_collections_change_sample_2026_7932bc75,SUITE_sample_2026,collections_change,2026,sample,2024-04-30,current,current,60,263917.11
RUN_collections_change_sample_2026_7932bc75,SUITE_sample_2026,collections_change,2026,sample,2024-05-31,1-29,30-59,16,103619.54
RUN_collections_change_sample_2026_7932bc75,SUITE_sample_2026,collections_change,2026,sample,2024-05-31,1-29,current,11,39573.25
RUN_collections_change_sample_2026_7932bc75,SUITE_sample_2026,collections_change,2026,sample,2024-05-31,30-59,60-89,3,13968.91
RUN_collections_change_sample_2026_7932bc75,SUITE_sample_2026,collections_change,2026,sample,2024-05-31,30-59,current,1,2908.15
RUN_collections_change_sample_2026_7932bc75,SUITE_sample_2026,collections_change,2026,sample,2024-05-31,60-89,current,1,1085.27
RUN_collections_change_sample_2026_7932bc75,SUITE_sample_2026,collections_change,2026,sample,2024-05-31,current,1-29,35,172369.74
RUN_collections_change_sample_2026_7932bc75,SUITE_sample_2026,collections_change,2026,sample,2024-05-31,current,30-59,2,12363.42
RUN_collections_change_sample_2026_7932bc75,SUITE_sample_2026,collections_change,2026,sample,2024-05-31,current,current,109,439541.64
RUN_collections_change_sample_2026_7932bc75,SUITE_sample_2026,collections_change,2026,sample,2024-06-30,1-29,30-59,17,76339.13
RUN_collections_change_sample_2026_7932bc75,SUITE_sample_2026,collections_change,2026,sample,2024-06-30,1-29,current,18,74898.63
RUN_collections_change_sample_2026_7932bc75,SUITE_sample_2026,collections_change,2026,sample,2024-06-30,30-59,60-89,11,63958.71
RUN_collections_change_sample_2026_7932bc75,SUITE_sample_2026,collections_change,2026,sample,2024-06-30,30-59,current,7,41491.93
RUN_collections_change_sample_2026_7932bc75,SUITE_sample_2026,collections_change,2026,sample,2024-06-30,60-89,90+,3,13968.91
RUN_collections_change_sample_2026_7932bc75,SUITE_sample_2026,collections_change,2026,sample,2024-06-30,current,1-29,61,278735.54
RUN_collections_change_sample_2026_7932bc75,SUITE_sample_2026,collections_change,2026,sample,2024-06-30,current,current,151,588727.41
RUN_collections_change_sample_2026_7932bc75,SUITE_sample_2026,collections_change,2026,sample,2024-07-31,1-29,30-59,37,180160.36
RUN_collections_change_sample_2026_7932bc75,SUITE_sample_2026,collections_change,2026,sample,2024-07-31,1-29,60-89,1,5380.78
RUN_collections_change_sample_2026_7932bc75,SUITE_sample_2026,collections_change,2026,sample,2024-07-31,1-29,current,23,71332.95
RUN_collections_change_sample_2026_7932bc75,SUITE_sample_2026,collections_change,2026,sample,2024-07-31,30-59,60-89,10,38913.72
RUN_collections_change_sample_2026_7932bc75,SUITE_sample_2026,collections_change,2026,sample,2024-07-31,30-59,current,7,31696.12
RUN_collections_change_sample_2026_7932bc75,SUITE_sample_2026,collections_change,2026,sample,2024-07-31,60-89,90+,9,57003.69
RUN_collections_change_sample_2026_7932bc75,SUITE_sample_2026,collections_change,2026,sample,2024-07-31,60-89,current,2,1099.49
RUN_collections_change_sample_2026_7932bc75,SUITE_sample_2026,collections_change,2026,sample,2024-07-31,90+,current,3,9860.04
RUN_collections_change_sample_2026_7932bc75,SUITE_sample_2026,collections_change,2026,sample,2024-07-31,current,1-29,57,214583.39
RUN_collections_change_sample_2026_7932bc75,SUITE_sample_2026,collections_change,2026,sample,2024-07-31,current,30-59,3,17169.72
RUN_collections_change_sample_2026_7932bc75,SUITE_sample_2026,collections_change,2026,sample,2024-07-31,current,current,213,829145.02
RUN_collections_change_sample_2026_7932bc75,SUITE_sample_2026,collections_change,2026,sample,2024-08-31,1-29,30-59,27,96732.92
RUN_collections_change_sample_2026_7932bc75,SUITE_sample_2026,collections_change,2026,sample,2024-08-31,1-29,60-89,1,2884.03
RUN_collections_change_sample_2026_7932bc75,SUITE_sample_2026,collections_change,2026,sample,2024-08-31,1-29,current,29,83411.93
RUN_collections_change_sample_2026_7932bc75,SUITE_sample_2026,collections_change,2026,sample,2024-08-31,30-59,60-89,21,94534.91
RUN_collections_change_sample_2026_7932bc75,SUITE_sample_2026,collections_change,2026,sample,2024-08-31,30-59,current,19,58276.33
RUN_collections_change_sample_2026_7932bc75,SUITE_sample_2026,collections_change,2026,sample,2024-08-31,60-89,90+,7,36647.89
RUN_collections_change_sample_2026_7932bc75,SUITE_sample_2026,collections_change,2026,sample,2024-08-31,60-89,current,4,2642.83
RUN_collections_change_sample_2026_7932bc75,SUITE_sample_2026,collections_change,2026,sample,2024-08-31,90+,90+,3,22379.03
RUN_collections_change_sample_2026_7932bc75,SUITE_sample_2026,collections_change,2026,sample,2024-08-31,90+,current,6,18683.01
RUN_collections_change_sample_2026_7932bc75,SUITE_sample_2026,collections_change,2026,sample,2024-08-31,current,1-29,85,364313.51
RUN_collections_change_sample_2026_7932bc75,SUITE_sample_2026,collections_change,2026,sample,2024-08-31,current,30-59,5,26393.84
RUN_collections_change_sample_2026_7932bc75,SUITE_sample_2026,collections_change,2026,sample,2024-08-31,current,current,280,1054804.43
RUN_collections_change_sample_2026_7932bc75,SUITE_sample_2026,collections_change,2026,sample,2024-09-30,1-29,30-59,44,182930.26
RUN_collections_change_sample_2026_7932bc75,SUITE_sample_2026,collections_change,2026,sample,2024-09-30,1-29,current,41,136366.42
RUN_collections_change_sample_2026_7932bc75,SUITE_sample_2026,collections_change,2026,sample,2024-09-30,30-59,60-89,25,93089.48
RUN_collections_change_sample_2026_7932bc75,SUITE_sample_2026,collections_change,2026,sample,2024-09-30,30-59,current,7,14334.75
RUN_collections_change_sample_2026_7932bc75,SUITE_sample_2026,collections_change,2026,sample,2024-09-30,60-89,90+,14,57631.06
RUN_collections_change_sample_2026_7932bc75,SUITE_sample_2026,collections_change,2026,sample,2024-09-30,60-89,current,8,17693.02
RUN_collections_change_sample_2026_7932bc75,SUITE_sample_2026,collections_change,2026,sample,2024-09-30,90+,90+,8,30155.35
RUN_collections_change_sample_2026_7932bc75,SUITE_sample_2026,collections_change,2026,sample,2024-09-30,90+,current,2,956.48
RUN_collections_change_sample_2026_7932bc75,SUITE_sample_2026,collections_change,2026,sample,2024-09-30,current,1-29,117,497078.16
RUN_collections_change_sample_2026_7932bc75,SUITE_sample_2026,collections_change,2026,sample,2024-09-30,current,30-59,4,7638.09
RUN_collections_change_sample_2026_7932bc75,SUITE_sample_2026,collections_change,2026,sample,2024-09-30,current,current,363,1325007.42
RUN_collections_change_sample_2026_7932bc75,SUITE_sample_2026,collections_change,2026,sample,2024-10-31,1-29,30-59,59,247440.06
RUN_collections_change_sample_2026_7932bc75,SUITE_sample_2026,collections_change,2026,sample,2024-10-31,1-29,60-89,4,12498.28
RUN_collections_change_sample_2026_7932bc75,SUITE_sample_2026,collections_change,2026,sample,2024-10-31,1-29,current,54,184218.33
RUN_collections_change_sample_2026_7932bc75,SUITE_sample_2026,collections_change,2026,sample,2024-10-31,30-59,60-89,28,103128.57
RUN_collections_change_sample_2026_7932bc75,SUITE_sample_2026,collections_change,2026,sample,2024-10-31,30-59,current,20,51132.11
RUN_collections_change_sample_2026_7932bc75,SUITE_sample_2026,collections_change,2026,sample,2024-10-31,60-89,90+,17,62651.79
RUN_collections_change_sample_2026_7932bc75,SUITE_sample_2026,collections_change,2026,sample,2024-10-31,60-89,current,8,22435.70
RUN_collections_change_sample_2026_7932bc75,SUITE_sample_2026,collections_change,2026,sample,2024-10-31,90+,90+,11,31809.44
RUN_collections_change_sample_2026_7932bc75,SUITE_sample_2026,collections_change,2026,sample,2024-10-31,90+,current,8,15642.93
RUN_collections_change_sample_2026_7932bc75,SUITE_sample_2026,collections_change,2026,sample,2024-10-31,current,1-29,145,581711.65
RUN_collections_change_sample_2026_7932bc75,SUITE_sample_2026,collections_change,2026,sample,2024-10-31,current,30-59,10,28508.86
RUN_collections_change_sample_2026_7932bc75,SUITE_sample_2026,collections_change,2026,sample,2024-10-31,current,current,401,1473721.64
RUN_collections_change_sample_2026_7932bc75,SUITE_sample_2026,collections_change,2026,sample,2024-11-30,1-29,30-59,76,306651.57
RUN_collections_change_sample_2026_7932bc75,SUITE_sample_2026,collections_change,2026,sample,2024-11-30,1-29,current,69,218440.55
RUN_collections_change_sample_2026_7932bc75,SUITE_sample_2026,collections_change,2026,sample,2024-11-30,30-59,60-89,29,114953.25
RUN_collections_change_sample_2026_7932bc75,SUITE_sample_2026,collections_change,2026,sample,2024-11-30,30-59,current,40,111936.95
RUN_collections_change_sample_2026_7932bc75,SUITE_sample_2026,collections_change,2026,sample,2024-11-30,60-89,90+,14,62607.08
RUN_collections_change_sample_2026_7932bc75,SUITE_sample_2026,collections_change,2026,sample,2024-11-30,60-89,current,18,31901.15
RUN_collections_change_sample_2026_7932bc75,SUITE_sample_2026,collections_change,2026,sample,2024-11-30,90+,90+,14,36026.02
RUN_collections_change_sample_2026_7932bc75,SUITE_sample_2026,collections_change,2026,sample,2024-11-30,90+,current,10,19806.02
RUN_collections_change_sample_2026_7932bc75,SUITE_sample_2026,collections_change,2026,sample,2024-11-30,current,1-29,152,675572.11
RUN_collections_change_sample_2026_7932bc75,SUITE_sample_2026,collections_change,2026,sample,2024-11-30,current,30-59,1,4887.63
RUN_collections_change_sample_2026_7932bc75,SUITE_sample_2026,collections_change,2026,sample,2024-11-30,current,current,481,1799136.47
RUN_collections_change_sample_2026_7932bc75,SUITE_sample_2026,collections_change,2026,sample,2024-12-31,1-29,30-59,90,416521.78
RUN_collections_change_sample_2026_7932bc75,SUITE_sample_2026,collections_change,2026,sample,2024-12-31,1-29,current,62,201020.85
RUN_collections_change_sample_2026_7932bc75,SUITE_sample_2026,collections_change,2026,sample,2024-12-31,30-59,60-89,42,154508.97
RUN_collections_change_sample_2026_7932bc75,SUITE_sample_2026,collections_change,2026,sample,2024-12-31,30-59,90+,2,15179.67
RUN_collections_change_sample_2026_7932bc75,SUITE_sample_2026,collections_change,2026,sample,2024-12-31,30-59,current,33,90301.80
RUN_collections_change_sample_2026_7932bc75,SUITE_sample_2026,collections_change,2026,sample,2024-12-31,60-89,90+,22,89754.06
RUN_collections_change_sample_2026_7932bc75,SUITE_sample_2026,collections_change,2026,sample,2024-12-31,60-89,current,7,14361.31
RUN_collections_change_sample_2026_7932bc75,SUITE_sample_2026,collections_change,2026,sample,2024-12-31,90+,90+,11,32827.06
RUN_collections_change_sample_2026_7932bc75,SUITE_sample_2026,collections_change,2026,sample,2024-12-31,90+,current,13,18627.84
RUN_collections_change_sample_2026_7932bc75,SUITE_sample_2026,collections_change,2026,sample,2024-12-31,current,1-29,172,763294.95
RUN_collections_change_sample_2026_7932bc75,SUITE_sample_2026,collections_change,2026,sample,2024-12-31,current,30-59,9,39208.80
RUN_collections_change_sample_2026_7932bc75,SUITE_sample_2026,collections_change,2026,sample,2024-12-31,current,current,608,2184582.06
RUN_macroeconomic_stress_sample_2026_c0afa13a,SUITE_sample_2026,macroeconomic_stress,2026,sample,2024-02-29,current,1-29,7,39644.51
RUN_macroeconomic_stress_sample_2026_c0afa13a,SUITE_sample_2026,macroeconomic_stress,2026,sample,2024-02-29,current,current,2,12418.73
RUN_macroeconomic_stress_sample_2026_c0afa13a,SUITE_sample_2026,macroeconomic_stress,2026,sample,2024-03-31,1-29,30-59,3,15431.85
RUN_macroeconomic_stress_sample_2026_c0afa13a,SUITE_sample_2026,macroeconomic_stress,2026,sample,2024-03-31,1-29,current,4,15522.60
RUN_macroeconomic_stress_sample_2026_c0afa13a,SUITE_sample_2026,macroeconomic_stress,2026,sample,2024-03-31,current,1-29,7,35689.47
RUN_macroeconomic_stress_sample_2026_c0afa13a,SUITE_sample_2026,macroeconomic_stress,2026,sample,2024-03-31,current,current,28,135348.69
RUN_macroeconomic_stress_sample_2026_c0afa13a,SUITE_sample_2026,macroeconomic_stress,2026,sample,2024-04-30,1-29,30-59,5,20391.89
RUN_macroeconomic_stress_sample_2026_c0afa13a,SUITE_sample_2026,macroeconomic_stress,2026,sample,2024-04-30,1-29,current,2,14256.91
RUN_macroeconomic_stress_sample_2026_c0afa13a,SUITE_sample_2026,macroeconomic_stress,2026,sample,2024-04-30,30-59,60-89,2,9349.18
RUN_macroeconomic_stress_sample_2026_c0afa13a,SUITE_sample_2026,macroeconomic_stress,2026,sample,2024-04-30,30-59,current,1,0.00
RUN_macroeconomic_stress_sample_2026_c0afa13a,SUITE_sample_2026,macroeconomic_stress,2026,sample,2024-04-30,current,1-29,24,134900.75
RUN_macroeconomic_stress_sample_2026_c0afa13a,SUITE_sample_2026,macroeconomic_stress,2026,sample,2024-04-30,current,current,63,282162.29
RUN_macroeconomic_stress_sample_2026_c0afa13a,SUITE_sample_2026,macroeconomic_stress,2026,sample,2024-05-31,1-29,30-59,20,121598.56
RUN_macroeconomic_stress_sample_2026_c0afa13a,SUITE_sample_2026,macroeconomic_stress,2026,sample,2024-05-31,1-29,current,4,9926.99
RUN_macroeconomic_stress_sample_2026_c0afa13a,SUITE_sample_2026,macroeconomic_stress,2026,sample,2024-05-31,30-59,60-89,5,20391.89
RUN_macroeconomic_stress_sample_2026_c0afa13a,SUITE_sample_2026,macroeconomic_stress,2026,sample,2024-05-31,60-89,90+,1,6287.56
RUN_macroeconomic_stress_sample_2026_c0afa13a,SUITE_sample_2026,macroeconomic_stress,2026,sample,2024-05-31,60-89,current,1,1085.27
RUN_macroeconomic_stress_sample_2026_c0afa13a,SUITE_sample_2026,macroeconomic_stress,2026,sample,2024-05-31,current,1-29,29,146429.93
RUN_macroeconomic_stress_sample_2026_c0afa13a,SUITE_sample_2026,macroeconomic_stress,2026,sample,2024-05-31,current,30-59,1,10920.67
RUN_macroeconomic_stress_sample_2026_c0afa13a,SUITE_sample_2026,macroeconomic_stress,2026,sample,2024-05-31,current,current,117,437957.62
RUN_macroeconomic_stress_sample_2026_c0afa13a,SUITE_sample_2026,macroeconomic_stress,2026,sample,2024-06-30,1-29,30-59,24,115243.30
RUN_macroeconomic_stress_sample_2026_c0afa13a,SUITE_sample_2026,macroeconomic_stress,2026,sample,2024-06-30,1-29,current,5,26568.08
RUN_macroeconomic_stress_sample_2026_c0afa13a,SUITE_sample_2026,macroeconomic_stress,2026,sample,2024-06-30,30-59,60-89,18,113671.70
RUN_macroeconomic_stress_sample_2026_c0afa13a,SUITE_sample_2026,macroeconomic_stress,2026,sample,2024-06-30,30-59,current,3,14863.70
RUN_macroeconomic_stress_sample_2026_c0afa13a,SUITE_sample_2026,macroeconomic_stress,2026,sample,2024-06-30,60-89,90+,3,6816.50
RUN_macroeconomic_stress_sample_2026_c0afa13a,SUITE_sample_2026,macroeconomic_stress,2026,sample,2024-06-30,60-89,current,2,8170.21
RUN_macroeconomic_stress_sample_2026_c0afa13a,SUITE_sample_2026,macroeconomic_stress,2026,sample,2024-06-30,90+,90+,1,6287.56
RUN_macroeconomic_stress_sample_2026_c0afa13a,SUITE_sample_2026,macroeconomic_stress,2026,sample,2024-06-30,current,1-29,47,208389.95
RUN_macroeconomic_stress_sample_2026_c0afa13a,SUITE_sample_2026,macroeconomic_stress,2026,sample,2024-06-30,current,30-59,1,6415.42
RUN_macroeconomic_stress_sample_2026_c0afa13a,SUITE_sample_2026,macroeconomic_stress,2026,sample,2024-06-30,current,current,159,604600.02
RUN_macroeconomic_stress_sample_2026_c0afa13a,SUITE_sample_2026,macroeconomic_stress,2026,sample,2024-07-31,1-29,30-59,40,185778.80
RUN_macroeconomic_stress_sample_2026_c0afa13a,SUITE_sample_2026,macroeconomic_stress,2026,sample,2024-07-31,1-29,60-89,2,3313.58
RUN_macroeconomic_stress_sample_2026_c0afa13a,SUITE_sample_2026,macroeconomic_stress,2026,sample,2024-07-31,1-29,current,5,14529.21
RUN_macroeconomic_stress_sample_2026_c0afa13a,SUITE_sample_2026,macroeconomic_stress,2026,sample,2024-07-31,30-59,60-89,23,115975.76
RUN_macroeconomic_stress_sample_2026_c0afa13a,SUITE_sample_2026,macroeconomic_stress,2026,sample,2024-07-31,30-59,current,2,3041.35
RUN_macroeconomic_stress_sample_2026_c0afa13a,SUITE_sample_2026,macroeconomic_stress,2026,sample,2024-07-31,60-89,90+,16,103422.55
RUN_macroeconomic_stress_sample_2026_c0afa13a,SUITE_sample_2026,macroeconomic_stress,2026,sample,2024-07-31,60-89,current,2,6076.71
RUN_macroeconomic_stress_sample_2026_c0afa13a,SUITE_sample_2026,macroeconomic_stress,2026,sample,2024-07-31,90+,90+,4,6816.50
RUN_macroeconomic_stress_sample_2026_c0afa13a,SUITE_sample_2026,macroeconomic_stress,2026,sample,2024-07-31,current,1-29,142,605199.66
RUN_macroeconomic_stress_sample_2026_c0afa13a,SUITE_sample_2026,macroeconomic_stress,2026,sample,2024-07-31,current,30-59,7,38252.84
RUN_macroeconomic_stress_sample_2026_c0afa13a,SUITE_sample_2026,macroeconomic_stress,2026,sample,2024-07-31,current,current,117,481534.17
RUN_macroeconomic_stress_sample_2026_c0afa13a,SUITE_sample_2026,macroeconomic_stress,2026,sample,2024-08-31,1-29,30-59,125,538453.14
RUN_macroeconomic_stress_sample_2026_c0afa13a,SUITE_sample_2026,macroeconomic_stress,2026,sample,2024-08-31,1-29,60-89,1,3116.92
RUN_macroeconomic_stress_sample_2026_c0afa13a,SUITE_sample_2026,macroeconomic_stress,2026,sample,2024-08-31,1-29,current,16,48803.30
RUN_macroeconomic_stress_sample_2026_c0afa13a,SUITE_sample_2026,macroeconomic_stress,2026,sample,2024-08-31,30-59,60-89,41,190036.79
RUN_macroeconomic_stress_sample_2026_c0afa13a,SUITE_sample_2026,macroeconomic_stress,2026,sample,2024-08-31,30-59,90+,1,7899.22
RUN_macroeconomic_stress_sample_2026_c0afa13a,SUITE_sample_2026,macroeconomic_stress,2026,sample,2024-08-31,30-59,current,5,10615.35
RUN_macroeconomic_stress_sample_2026_c0afa13a,SUITE_sample_2026,macroeconomic_stress,2026,sample,2024-08-31,60-89,90+,22,107025.72
RUN_macroeconomic_stress_sample_2026_c0afa13a,SUITE_sample_2026,macroeconomic_stress,2026,sample,2024-08-31,60-89,current,3,7420.87
RUN_macroeconomic_stress_sample_2026_c0afa13a,SUITE_sample_2026,macroeconomic_stress,2026,sample,2024-08-31,90+,90+,16,84300.79
RUN_macroeconomic_stress_sample_2026_c0afa13a,SUITE_sample_2026,macroeconomic_stress,2026,sample,2024-08-31,90+,current,3,7393.46
RUN_macroeconomic_stress_sample_2026_c0afa13a,SUITE_sample_2026,macroeconomic_stress,2026,sample,2024-08-31,current,1-29,131,583488.44
RUN_macroeconomic_stress_sample_2026_c0afa13a,SUITE_sample_2026,macroeconomic_stress,2026,sample,2024-08-31,current,30-59,2,2322.87
RUN_macroeconomic_stress_sample_2026_c0afa13a,SUITE_sample_2026,macroeconomic_stress,2026,sample,2024-08-31,current,current,132,511211.81
RUN_macroeconomic_stress_sample_2026_c0afa13a,SUITE_sample_2026,macroeconomic_stress,2026,sample,2024-09-30,1-29,30-59,113,504293.23
RUN_macroeconomic_stress_sample_2026_c0afa13a,SUITE_sample_2026,macroeconomic_stress,2026,sample,2024-09-30,1-29,current,18,64337.62
RUN_macroeconomic_stress_sample_2026_c0afa13a,SUITE_sample_2026,macroeconomic_stress,2026,sample,2024-09-30,30-59,60-89,112,468757.98
RUN_macroeconomic_stress_sample_2026_c0afa13a,SUITE_sample_2026,macroeconomic_stress,2026,sample,2024-09-30,30-59,current,15,45233.23
RUN_macroeconomic_stress_sample_2026_c0afa13a,SUITE_sample_2026,macroeconomic_stress,2026,sample,2024-09-30,60-89,90+,35,163438.71
RUN_macroeconomic_stress_sample_2026_c0afa13a,SUITE_sample_2026,macroeconomic_stress,2026,sample,2024-09-30,60-89,current,7,7889.61
RUN_macroeconomic_stress_sample_2026_c0afa13a,SUITE_sample_2026,macroeconomic_stress,2026,sample,2024-09-30,90+,90+,34,109353.70
RUN_macroeconomic_stress_sample_2026_c0afa13a,SUITE_sample_2026,macroeconomic_stress,2026,sample,2024-09-30,90+,current,2,5633.67
RUN_macroeconomic_stress_sample_2026_c0afa13a,SUITE_sample_2026,macroeconomic_stress,2026,sample,2024-09-30,current,1-29,166,797509.57
RUN_macroeconomic_stress_sample_2026_c0afa13a,SUITE_sample_2026,macroeconomic_stress,2026,sample,2024-09-30,current,30-59,4,10241.28
RUN_macroeconomic_stress_sample_2026_c0afa13a,SUITE_sample_2026,macroeconomic_stress,2026,sample,2024-09-30,current,current,152,580016.14
RUN_macroeconomic_stress_sample_2026_c0afa13a,SUITE_sample_2026,macroeconomic_stress,2026,sample,2024-10-31,1-29,30-59,144,691761.23
RUN_macroeconomic_stress_sample_2026_c0afa13a,SUITE_sample_2026,macroeconomic_stress,2026,sample,2024-10-31,1-29,60-89,5,19616.76
RUN_macroeconomic_stress_sample_2026_c0afa13a,SUITE_sample_2026,macroeconomic_stress,2026,sample,2024-10-31,1-29,current,17,61054.69
RUN_macroeconomic_stress_sample_2026_c0afa13a,SUITE_sample_2026,macroeconomic_stress,2026,sample,2024-10-31,30-59,60-89,101,446460.73
RUN_macroeconomic_stress_sample_2026_c0afa13a,SUITE_sample_2026,macroeconomic_stress,2026,sample,2024-10-31,30-59,90+,2,6033.29
RUN_macroeconomic_stress_sample_2026_c0afa13a,SUITE_sample_2026,macroeconomic_stress,2026,sample,2024-10-31,30-59,current,14,26351.40
RUN_macroeconomic_stress_sample_2026_c0afa13a,SUITE_sample_2026,macroeconomic_stress,2026,sample,2024-10-31,60-89,90+,95,411098.60
RUN_macroeconomic_stress_sample_2026_c0afa13a,SUITE_sample_2026,macroeconomic_stress,2026,sample,2024-10-31,60-89,current,17,36218.54
RUN_macroeconomic_stress_sample_2026_c0afa13a,SUITE_sample_2026,macroeconomic_stress,2026,sample,2024-10-31,90+,90+,49,145231.41
RUN_macroeconomic_stress_sample_2026_c0afa13a,SUITE_sample_2026,macroeconomic_stress,2026,sample,2024-10-31,90+,current,7,10370.07
RUN_macroeconomic_stress_sample_2026_c0afa13a,SUITE_sample_2026,macroeconomic_stress,2026,sample,2024-10-31,current,1-29,168,786650.96
RUN_macroeconomic_stress_sample_2026_c0afa13a,SUITE_sample_2026,macroeconomic_stress,2026,sample,2024-10-31,current,30-59,11,43475.96
RUN_macroeconomic_stress_sample_2026_c0afa13a,SUITE_sample_2026,macroeconomic_stress,2026,sample,2024-10-31,current,current,179,666272.20
RUN_macroeconomic_stress_sample_2026_c0afa13a,SUITE_sample_2026,macroeconomic_stress,2026,sample,2024-11-30,1-29,30-59,149,696862.69
RUN_macroeconomic_stress_sample_2026_c0afa13a,SUITE_sample_2026,macroeconomic_stress,2026,sample,2024-11-30,1-29,current,19,73628.81
RUN_macroeconomic_stress_sample_2026_c0afa13a,SUITE_sample_2026,macroeconomic_stress,2026,sample,2024-11-30,30-59,60-89,132,627023.87
RUN_macroeconomic_stress_sample_2026_c0afa13a,SUITE_sample_2026,macroeconomic_stress,2026,sample,2024-11-30,30-59,current,23,63851.12
RUN_macroeconomic_stress_sample_2026_c0afa13a,SUITE_sample_2026,macroeconomic_stress,2026,sample,2024-11-30,60-89,90+,95,407472.70
RUN_macroeconomic_stress_sample_2026_c0afa13a,SUITE_sample_2026,macroeconomic_stress,2026,sample,2024-11-30,60-89,current,11,34235.91
RUN_macroeconomic_stress_sample_2026_c0afa13a,SUITE_sample_2026,macroeconomic_stress,2026,sample,2024-11-30,90+,90+,115,365499.10
RUN_macroeconomic_stress_sample_2026_c0afa13a,SUITE_sample_2026,macroeconomic_stress,2026,sample,2024-11-30,90+,current,12,32016.79
RUN_macroeconomic_stress_sample_2026_c0afa13a,SUITE_sample_2026,macroeconomic_stress,2026,sample,2024-11-30,current,1-29,209,955515.93
RUN_macroeconomic_stress_sample_2026_c0afa13a,SUITE_sample_2026,macroeconomic_stress,2026,sample,2024-11-30,current,30-59,3,14979.67
RUN_macroeconomic_stress_sample_2026_c0afa13a,SUITE_sample_2026,macroeconomic_stress,2026,sample,2024-11-30,current,current,203,771518.27
RUN_macroeconomic_stress_sample_2026_c0afa13a,SUITE_sample_2026,macroeconomic_stress,2026,sample,2024-12-31,1-29,30-59,175,812012.81
RUN_macroeconomic_stress_sample_2026_c0afa13a,SUITE_sample_2026,macroeconomic_stress,2026,sample,2024-12-31,1-29,60-89,7,28254.12
RUN_macroeconomic_stress_sample_2026_c0afa13a,SUITE_sample_2026,macroeconomic_stress,2026,sample,2024-12-31,1-29,current,27,78772.04
RUN_macroeconomic_stress_sample_2026_c0afa13a,SUITE_sample_2026,macroeconomic_stress,2026,sample,2024-12-31,30-59,60-89,133,620616.66
RUN_macroeconomic_stress_sample_2026_c0afa13a,SUITE_sample_2026,macroeconomic_stress,2026,sample,2024-12-31,30-59,90+,5,34499.82
RUN_macroeconomic_stress_sample_2026_c0afa13a,SUITE_sample_2026,macroeconomic_stress,2026,sample,2024-12-31,30-59,current,14,37416.59
RUN_macroeconomic_stress_sample_2026_c0afa13a,SUITE_sample_2026,macroeconomic_stress,2026,sample,2024-12-31,60-89,90+,116,569272.26
RUN_macroeconomic_stress_sample_2026_c0afa13a,SUITE_sample_2026,macroeconomic_stress,2026,sample,2024-12-31,60-89,current,16,36414.67
RUN_macroeconomic_stress_sample_2026_c0afa13a,SUITE_sample_2026,macroeconomic_stress,2026,sample,2024-12-31,90+,90+,157,344833.32
RUN_macroeconomic_stress_sample_2026_c0afa13a,SUITE_sample_2026,macroeconomic_stress,2026,sample,2024-12-31,90+,current,23,34731.02
RUN_macroeconomic_stress_sample_2026_c0afa13a,SUITE_sample_2026,macroeconomic_stress,2026,sample,2024-12-31,current,1-29,228,1107696.03
RUN_macroeconomic_stress_sample_2026_c0afa13a,SUITE_sample_2026,macroeconomic_stress,2026,sample,2024-12-31,current,30-59,13,77294.24
RUN_macroeconomic_stress_sample_2026_c0afa13a,SUITE_sample_2026,macroeconomic_stress,2026,sample,2024-12-31,current,current,228,966695.13
RUN_policy_expansion_sample_2026_275cb395,SUITE_sample_2026,policy_expansion,2026,sample,2024-02-29,current,1-29,5,17102.22
RUN_policy_expansion_sample_2026_275cb395,SUITE_sample_2026,policy_expansion,2026,sample,2024-02-29,current,current,4,10933.73
RUN_policy_expansion_sample_2026_275cb395,SUITE_sample_2026,policy_expansion,2026,sample,2024-03-31,1-29,30-59,5,17102.22
RUN_policy_expansion_sample_2026_275cb395,SUITE_sample_2026,policy_expansion,2026,sample,2024-03-31,current,1-29,17,74732.40
RUN_policy_expansion_sample_2026_275cb395,SUITE_sample_2026,policy_expansion,2026,sample,2024-03-31,current,current,39,149106.41
RUN_policy_expansion_sample_2026_275cb395,SUITE_sample_2026,policy_expansion,2026,sample,2024-04-30,1-29,30-59,15,64307.42
RUN_policy_expansion_sample_2026_275cb395,SUITE_sample_2026,policy_expansion,2026,sample,2024-04-30,1-29,current,2,9070.85
RUN_policy_expansion_sample_2026_275cb395,SUITE_sample_2026,policy_expansion,2026,sample,2024-04-30,30-59,60-89,4,13807.87
RUN_policy_expansion_sample_2026_275cb395,SUITE_sample_2026,policy_expansion,2026,sample,2024-04-30,30-59,current,1,2959.02
RUN_policy_expansion_sample_2026_275cb395,SUITE_sample_2026,policy_expansion,2026,sample,2024-04-30,current,1-29,27,156497.12
RUN_policy_expansion_sample_2026_275cb395,SUITE_sample_2026,policy_expansion,2026,sample,2024-04-30,current,current,87,328118.00
RUN_policy_expansion_sample_2026_275cb395,SUITE_sample_2026,policy_expansion,2026,sample,2024-05-31,1-29,30-59,14,77256.73
RUN_policy_expansion_sample_2026_275cb395,SUITE_sample_2026,policy_expansion,2026,sample,2024-05-31,1-29,60-89,1,8545.67
RUN_policy_expansion_sample_2026_275cb395,SUITE_sample_2026,policy_expansion,2026,sample,2024-05-31,1-29,current,12,54437.50
RUN_policy_expansion_sample_2026_275cb395,SUITE_sample_2026,policy_expansion,2026,sample,2024-05-31,30-59,60-89,15,64307.42
RUN_policy_expansion_sample_2026_275cb395,SUITE_sample_2026,policy_expansion,2026,sample,2024-05-31,60-89,90+,3,7512.66
RUN_policy_expansion_sample_2026_275cb395,SUITE_sample_2026,policy_expansion,2026,sample,2024-05-31,60-89,current,1,0.00
RUN_policy_expansion_sample_2026_275cb395,SUITE_sample_2026,policy_expansion,2026,sample,2024-05-31,current,1-29,52,257785.82
RUN_policy_expansion_sample_2026_275cb395,SUITE_sample_2026,policy_expansion,2026,sample,2024-05-31,current,30-59,3,12262.19
RUN_policy_expansion_sample_2026_275cb395,SUITE_sample_2026,policy_expansion,2026,sample,2024-05-31,current,current,151,606046.93
RUN_policy_expansion_sample_2026_275cb395,SUITE_sample_2026,policy_expansion,2026,sample,2024-06-30,1-29,30-59,44,212405.31
RUN_policy_expansion_sample_2026_275cb395,SUITE_sample_2026,policy_expansion,2026,sample,2024-06-30,1-29,current,8,36547.58
RUN_policy_expansion_sample_2026_275cb395,SUITE_sample_2026,policy_expansion,2026,sample,2024-06-30,30-59,60-89,10,52290.51
RUN_policy_expansion_sample_2026_275cb395,SUITE_sample_2026,policy_expansion,2026,sample,2024-06-30,30-59,current,7,24685.79
RUN_policy_expansion_sample_2026_275cb395,SUITE_sample_2026,policy_expansion,2026,sample,2024-06-30,60-89,90+,10,46670.03
RUN_policy_expansion_sample_2026_275cb395,SUITE_sample_2026,policy_expansion,2026,sample,2024-06-30,60-89,current,6,17132.53
RUN_policy_expansion_sample_2026_275cb395,SUITE_sample_2026,policy_expansion,2026,sample,2024-06-30,90+,90+,3,7512.66
RUN_policy_expansion_sample_2026_275cb395,SUITE_sample_2026,policy_expansion,2026,sample,2024-06-30,current,1-29,95,459684.52
RUN_policy_expansion_sample_2026_275cb395,SUITE_sample_2026,policy_expansion,2026,sample,2024-06-30,current,30-59,3,9193.20
RUN_policy_expansion_sample_2026_275cb395,SUITE_sample_2026,policy_expansion,2026,sample,2024-06-30,current,current,221,814658.31
RUN_policy_expansion_sample_2026_275cb395,SUITE_sample_2026,policy_expansion,2026,sample,2024-07-31,1-29,30-59,71,356608.03
RUN_policy_expansion_sample_2026_275cb395,SUITE_sample_2026,policy_expansion,2026,sample,2024-07-31,1-29,60-89,2,8841.86
RUN_policy_expansion_sample_2026_275cb395,SUITE_sample_2026,policy_expansion,2026,sample,2024-07-31,1-29,current,22,61616.04
RUN_policy_expansion_sample_2026_275cb395,SUITE_sample_2026,policy_expansion,2026,sample,2024-07-31,30-59,60-89,33,172418.78
RUN_policy_expansion_sample_2026_275cb395,SUITE_sample_2026,policy_expansion,2026,sample,2024-07-31,30-59,current,14,37142.77
RUN_policy_expansion_sample_2026_275cb395,SUITE_sample_2026,policy_expansion,2026,sample,2024-07-31,60-89,90+,6,36325.55
RUN_policy_expansion_sample_2026_275cb395,SUITE_sample_2026,policy_expansion,2026,sample,2024-07-31,60-89,current,4,9431.29
RUN_policy_expansion_sample_2026_275cb395,SUITE_sample_2026,policy_expansion,2026,sample,2024-07-31,90+,90+,10,34787.90
RUN_policy_expansion_sample_2026_275cb395,SUITE_sample_2026,policy_expansion,2026,sample,2024-07-31,90+,current,3,3491.91
RUN_policy_expansion_sample_2026_275cb395,SUITE_sample_2026,policy_expansion,2026,sample,2024-07-31,current,1-29,92,388067.58
RUN_policy_expansion_sample_2026_275cb395,SUITE_sample_2026,policy_expansion,2026,sample,2024-07-31,current,30-59,8,35188.19
RUN_policy_expansion_sample_2026_275cb395,SUITE_sample_2026,policy_expansion,2026,sample,2024-07-31,current,current,301,1133239.34
RUN_policy_expansion_sample_2026_275cb395,SUITE_sample_2026,policy_expansion,2026,sample,2024-08-31,1-29,30-59,70,309547.47
RUN_policy_expansion_sample_2026_275cb395,SUITE_sample_2026,policy_expansion,2026,sample,2024-08-31,1-29,60-89,1,7574.99
RUN_policy_expansion_sample_2026_275cb395,SUITE_sample_2026,policy_expansion,2026,sample,2024-08-31,1-29,current,21,58000.55
RUN_policy_expansion_sample_2026_275cb395,SUITE_sample_2026,policy_expansion,2026,sample,2024-08-31,30-59,60-89,59,291655.24
RUN_policy_expansion_sample_2026_275cb395,SUITE_sample_2026,policy_expansion,2026,sample,2024-08-31,30-59,90+,1,776.38
RUN_policy_expansion_sample_2026_275cb395,SUITE_sample_2026,policy_expansion,2026,sample,2024-08-31,30-59,current,19,66704.20
RUN_policy_expansion_sample_2026_275cb395,SUITE_sample_2026,policy_expansion,2026,sample,2024-08-31,60-89,90+,27,140704.36
RUN_policy_expansion_sample_2026_275cb395,SUITE_sample_2026,policy_expansion,2026,sample,2024-08-31,60-89,current,8,24704.12
RUN_policy_expansion_sample_2026_275cb395,SUITE_sample_2026,policy_expansion,2026,sample,2024-08-31,90+,90+,10,27231.87
RUN_policy_expansion_sample_2026_275cb395,SUITE_sample_2026,policy_expansion,2026,sample,2024-08-31,90+,current,3,723.06
RUN_policy_expansion_sample_2026_275cb395,SUITE_sample_2026,policy_expansion,2026,sample,2024-08-31,current,1-29,146,649763.64
RUN_policy_expansion_sample_2026_275cb395,SUITE_sample_2026,policy_expansion,2026,sample,2024-08-31,current,30-59,10,54455.69
RUN_policy_expansion_sample_2026_275cb395,SUITE_sample_2026,policy_expansion,2026,sample,2024-08-31,current,current,415,1509321.10
RUN_policy_expansion_sample_2026_275cb395,SUITE_sample_2026,policy_expansion,2026,sample,2024-09-30,1-29,30-59,120,514949.03
RUN_policy_expansion_sample_2026_275cb395,SUITE_sample_2026,policy_expansion,2026,sample,2024-09-30,1-29,current,26,112706.44
RUN_policy_expansion_sample_2026_275cb395,SUITE_sample_2026,policy_expansion,2026,sample,2024-09-30,30-59,60-89,67,301786.48
RUN_policy_expansion_sample_2026_275cb395,SUITE_sample_2026,policy_expansion,2026,sample,2024-09-30,30-59,current,13,34254.04
RUN_policy_expansion_sample_2026_275cb395,SUITE_sample_2026,policy_expansion,2026,sample,2024-09-30,60-89,90+,45,200911.74
RUN_policy_expansion_sample_2026_275cb395,SUITE_sample_2026,policy_expansion,2026,sample,2024-09-30,60-89,current,15,68642.46
RUN_policy_expansion_sample_2026_275cb395,SUITE_sample_2026,policy_expansion,2026,sample,2024-09-30,90+,90+,23,91970.94
RUN_policy_expansion_sample_2026_275cb395,SUITE_sample_2026,policy_expansion,2026,sample,2024-09-30,90+,current,9,30762.58
RUN_policy_expansion_sample_2026_275cb395,SUITE_sample_2026,policy_expansion,2026,sample,2024-09-30,current,1-29,138,566412.94
RUN_policy_expansion_sample_2026_275cb395,SUITE_sample_2026,policy_expansion,2026,sample,2024-09-30,current,30-59,2,7614.31
RUN_policy_expansion_sample_2026_275cb395,SUITE_sample_2026,policy_expansion,2026,sample,2024-09-30,current,current,543,1991874.22
RUN_policy_expansion_sample_2026_275cb395,SUITE_sample_2026,policy_expansion,2026,sample,2024-10-31,1-29,30-59,108,449442.54
RUN_policy_expansion_sample_2026_275cb395,SUITE_sample_2026,policy_expansion,2026,sample,2024-10-31,1-29,60-89,5,18056.93
RUN_policy_expansion_sample_2026_275cb395,SUITE_sample_2026,policy_expansion,2026,sample,2024-10-31,1-29,current,25,73630.26
RUN_policy_expansion_sample_2026_275cb395,SUITE_sample_2026,policy_expansion,2026,sample,2024-10-31,30-59,60-89,85,366418.29
RUN_policy_expansion_sample_2026_275cb395,SUITE_sample_2026,policy_expansion,2026,sample,2024-10-31,30-59,90+,7,36061.38
RUN_policy_expansion_sample_2026_275cb395,SUITE_sample_2026,policy_expansion,2026,sample,2024-10-31,30-59,current,30,51678.23
RUN_policy_expansion_sample_2026_275cb395,SUITE_sample_2026,policy_expansion,2026,sample,2024-10-31,60-89,90+,44,184945.89
RUN_policy_expansion_sample_2026_275cb395,SUITE_sample_2026,policy_expansion,2026,sample,2024-10-31,60-89,current,23,78196.41
RUN_policy_expansion_sample_2026_275cb395,SUITE_sample_2026,policy_expansion,2026,sample,2024-10-31,90+,90+,48,144116.91
RUN_policy_expansion_sample_2026_275cb395,SUITE_sample_2026,policy_expansion,2026,sample,2024-10-31,90+,current,16,45518.58
RUN_policy_expansion_sample_2026_275cb395,SUITE_sample_2026,policy_expansion,2026,sample,2024-10-31,current,1-29,189,824300.47
RUN_policy_expansion_sample_2026_275cb395,SUITE_sample_2026,policy_expansion,2026,sample,2024-10-31,current,30-59,9,40299.82
RUN_policy_expansion_sample_2026_275cb395,SUITE_sample_2026,policy_expansion,2026,sample,2024-10-31,current,current,647,2405787.97
RUN_policy_expansion_sample_2026_275cb395,SUITE_sample_2026,policy_expansion,2026,sample,2024-11-30,1-29,30-59,135,583211.03
RUN_policy_expansion_sample_2026_275cb395,SUITE_sample_2026,policy_expansion,2026,sample,2024-11-30,1-29,current,54,182002.87
RUN_policy_expansion_sample_2026_275cb395,SUITE_sample_2026,policy_expansion,2026,sample,2024-11-30,30-59,60-89,89,363540.04
RUN_policy_expansion_sample_2026_275cb395,SUITE_sample_2026,policy_expansion,2026,sample,2024-11-30,30-59,current,28,76571.09
RUN_policy_expansion_sample_2026_275cb395,SUITE_sample_2026,policy_expansion,2026,sample,2024-11-30,60-89,90+,66,285747.44
RUN_policy_expansion_sample_2026_275cb395,SUITE_sample_2026,policy_expansion,2026,sample,2024-11-30,60-89,current,24,53408.27
RUN_policy_expansion_sample_2026_275cb395,SUITE_sample_2026,policy_expansion,2026,sample,2024-11-30,90+,90+,61,120839.09
RUN_policy_expansion_sample_2026_275cb395,SUITE_sample_2026,policy_expansion,2026,sample,2024-11-30,90+,current,25,55506.68
RUN_policy_expansion_sample_2026_275cb395,SUITE_sample_2026,policy_expansion,2026,sample,2024-11-30,current,1-29,209,869578.60
RUN_policy_expansion_sample_2026_275cb395,SUITE_sample_2026,policy_expansion,2026,sample,2024-11-30,current,30-59,7,30219.95
RUN_policy_expansion_sample_2026_275cb395,SUITE_sample_2026,policy_expansion,2026,sample,2024-11-30,current,current,751,2805400.39
RUN_policy_expansion_sample_2026_275cb395,SUITE_sample_2026,policy_expansion,2026,sample,2024-12-31,1-29,30-59,167,687700.36
RUN_policy_expansion_sample_2026_275cb395,SUITE_sample_2026,policy_expansion,2026,sample,2024-12-31,1-29,60-89,4,20212.62
RUN_policy_expansion_sample_2026_275cb395,SUITE_sample_2026,policy_expansion,2026,sample,2024-12-31,1-29,current,38,119568.27
RUN_policy_expansion_sample_2026_275cb395,SUITE_sample_2026,policy_expansion,2026,sample,2024-12-31,30-59,60-89,106,441237.47
RUN_policy_expansion_sample_2026_275cb395,SUITE_sample_2026,policy_expansion,2026,sample,2024-12-31,30-59,90+,3,12642.59
RUN_policy_expansion_sample_2026_275cb395,SUITE_sample_2026,policy_expansion,2026,sample,2024-12-31,30-59,current,33,109377.23
RUN_policy_expansion_sample_2026_275cb395,SUITE_sample_2026,policy_expansion,2026,sample,2024-12-31,60-89,90+,75,305830.27
RUN_policy_expansion_sample_2026_275cb395,SUITE_sample_2026,policy_expansion,2026,sample,2024-12-31,60-89,current,14,31557.04
RUN_policy_expansion_sample_2026_275cb395,SUITE_sample_2026,policy_expansion,2026,sample,2024-12-31,90+,90+,77,220702.30
RUN_policy_expansion_sample_2026_275cb395,SUITE_sample_2026,policy_expansion,2026,sample,2024-12-31,90+,current,19,49474.66
RUN_policy_expansion_sample_2026_275cb395,SUITE_sample_2026,policy_expansion,2026,sample,2024-12-31,current,1-29,282,1198699.03
RUN_policy_expansion_sample_2026_275cb395,SUITE_sample_2026,policy_expansion,2026,sample,2024-12-31,current,30-59,23,93414.35
RUN_policy_expansion_sample_2026_275cb395,SUITE_sample_2026,policy_expansion,2026,sample,2024-12-31,current,current,824,3141491.13
RUN_policy_tightening_sample_2026_4aaa4164,SUITE_sample_2026,policy_tightening,2026,sample,2024-02-29,current,1-29,3,17010.02
RUN_policy_tightening_sample_2026_4aaa4164,SUITE_sample_2026,policy_tightening,2026,sample,2024-02-29,current,current,1,1021.80
RUN_policy_tightening_sample_2026_4aaa4164,SUITE_sample_2026,policy_tightening,2026,sample,2024-03-31,1-29,30-59,1,7987.21
RUN_policy_tightening_sample_2026_4aaa4164,SUITE_sample_2026,policy_tightening,2026,sample,2024-03-31,1-29,current,2,7919.54
RUN_policy_tightening_sample_2026_4aaa4164,SUITE_sample_2026,policy_tightening,2026,sample,2024-03-31,current,1-29,4,29398.92
RUN_policy_tightening_sample_2026_4aaa4164,SUITE_sample_2026,policy_tightening,2026,sample,2024-03-31,current,current,5,17757.50
RUN_policy_tightening_sample_2026_4aaa4164,SUITE_sample_2026,policy_tightening,2026,sample,2024-04-30,1-29,30-59,4,29398.92
RUN_policy_tightening_sample_2026_4aaa4164,SUITE_sample_2026,policy_tightening,2026,sample,2024-04-30,30-59,60-89,1,7987.21
RUN_policy_tightening_sample_2026_4aaa4164,SUITE_sample_2026,policy_tightening,2026,sample,2024-04-30,current,1-29,6,26863.99
RUN_policy_tightening_sample_2026_4aaa4164,SUITE_sample_2026,policy_tightening,2026,sample,2024-04-30,current,30-59,1,6742.91
RUN_policy_tightening_sample_2026_4aaa4164,SUITE_sample_2026,policy_tightening,2026,sample,2024-04-30,current,current,27,109578.50
RUN_policy_tightening_sample_2026_4aaa4164,SUITE_sample_2026,policy_tightening,2026,sample,2024-05-31,1-29,30-59,4,18206.38
RUN_policy_tightening_sample_2026_4aaa4164,SUITE_sample_2026,policy_tightening,2026,sample,2024-05-31,1-29,current,2,7688.89
RUN_policy_tightening_sample_2026_4aaa4164,SUITE_sample_2026,policy_tightening,2026,sample,2024-05-31,30-59,60-89,5,36141.83
RUN_policy_tightening_sample_2026_4aaa4164,SUITE_sample_2026,policy_tightening,2026,sample,2024-05-31,60-89,current,1,2662.41
RUN_policy_tightening_sample_2026_4aaa4164,SUITE_sample_2026,policy_tightening,2026,sample,2024-05-31,current,1-29,16,77978.89
RUN_policy_tightening_sample_2026_4aaa4164,SUITE_sample_2026,policy_tightening,2026,sample,2024-05-31,current,30-59,1,2594.41
RUN_policy_tightening_sample_2026_4aaa4164,SUITE_sample_2026,policy_tightening,2026,sample,2024-05-31,current,current,39,149166.09
RUN_policy_tightening_sample_2026_4aaa4164,SUITE_sample_2026,policy_tightening,2026,sample,2024-06-30,1-29,30-59,12,63193.49
RUN_policy_tightening_sample_2026_4aaa4164,SUITE_sample_2026,policy_tightening,2026,sample,2024-06-30,1-29,current,4,11401.39
RUN_policy_tightening_sample_2026_4aaa4164,SUITE_sample_2026,policy_tightening,2026,sample,2024-06-30,30-59,60-89,4,18206.38
RUN_policy_tightening_sample_2026_4aaa4164,SUITE_sample_2026,policy_tightening,2026,sample,2024-06-30,30-59,current,1,1041.80
RUN_policy_tightening_sample_2026_4aaa4164,SUITE_sample_2026,policy_tightening,2026,sample,2024-06-30,60-89,90+,5,36141.83
RUN_policy_tightening_sample_2026_4aaa4164,SUITE_sample_2026,policy_tightening,2026,sample,2024-06-30,current,1-29,15,58596.71
RUN_policy_tightening_sample_2026_4aaa4164,SUITE_sample_2026,policy_tightening,2026,sample,2024-06-30,current,current,55,211689.72
RUN_policy_tightening_sample_2026_4aaa4164,SUITE_sample_2026,policy_tightening,2026,sample,2024-07-31,1-29,30-59,11,46477.50
RUN_policy_tightening_sample_2026_4aaa4164,SUITE_sample_2026,policy_tightening,2026,sample,2024-07-31,1-29,60-89,1,7091.42
RUN_policy_tightening_sample_2026_4aaa4164,SUITE_sample_2026,policy_tightening,2026,sample,2024-07-31,1-29,current,3,1092.91
RUN_policy_tightening_sample_2026_4aaa4164,SUITE_sample_2026,policy_tightening,2026,sample,2024-07-31,30-59,60-89,9,45456.44
RUN_policy_tightening_sample_2026_4aaa4164,SUITE_sample_2026,policy_tightening,2026,sample,2024-07-31,30-59,current,3,11755.71
RUN_policy_tightening_sample_2026_4aaa4164,SUITE_sample_2026,policy_tightening,2026,sample,2024-07-31,60-89,90+,3,17232.95
RUN_policy_tightening_sample_2026_4aaa4164,SUITE_sample_2026,policy_tightening,2026,sample,2024-07-31,60-89,current,1,648.95
RUN_policy_tightening_sample_2026_4aaa4164,SUITE_sample_2026,policy_tightening,2026,sample,2024-07-31,90+,90+,4,28276.30
RUN_policy_tightening_sample_2026_4aaa4164,SUITE_sample_2026,policy_tightening,2026,sample,2024-07-31,90+,current,1,5786.33
RUN_policy_tightening_sample_2026_4aaa4164,SUITE_sample_2026,policy_tightening,2026,sample,2024-07-31,current,1-29,23,83319.45
RUN_policy_tightening_sample_2026_4aaa4164,SUITE_sample_2026,policy_tightening,2026,sample,2024-07-31,current,30-59,3,8676.60
RUN_policy_tightening_sample_2026_4aaa4164,SUITE_sample_2026,policy_tightening,2026,sample,2024-07-31,current,current,67,256295.69
RUN_policy_tightening_sample_2026_4aaa4164,SUITE_sample_2026,policy_tightening,2026,sample,2024-08-31,1-29,30-59,15,58786.69
RUN_policy_tightening_sample_2026_4aaa4164,SUITE_sample_2026,policy_tightening,2026,sample,2024-08-31,1-29,current,8,16744.05
RUN_policy_tightening_sample_2026_4aaa4164,SUITE_sample_2026,policy_tightening,2026,sample,2024-08-31,30-59,60-89,13,52491.69
RUN_policy_tightening_sample_2026_4aaa4164,SUITE_sample_2026,policy_tightening,2026,sample,2024-08-31,30-59,current,1,0.00
RUN_policy_tightening_sample_2026_4aaa4164,SUITE_sample_2026,policy_tightening,2026,sample,2024-08-31,60-89,90+,9,52116.62
RUN_policy_tightening_sample_2026_4aaa4164,SUITE_sample_2026,policy_tightening,2026,sample,2024-08-31,60-89,current,1,345.12
RUN_policy_tightening_sample_2026_4aaa4164,SUITE_sample_2026,policy_tightening,2026,sample,2024-08-31,90+,90+,6,10138.15
RUN_policy_tightening_sample_2026_4aaa4164,SUITE_sample_2026,policy_tightening,2026,sample,2024-08-31,90+,current,1,0.00
RUN_policy_tightening_sample_2026_4aaa4164,SUITE_sample_2026,policy_tightening,2026,sample,2024-08-31,current,1-29,30,124173.73
RUN_policy_tightening_sample_2026_4aaa4164,SUITE_sample_2026,policy_tightening,2026,sample,2024-08-31,current,30-59,1,662.10
RUN_policy_tightening_sample_2026_4aaa4164,SUITE_sample_2026,policy_tightening,2026,sample,2024-08-31,current,current,92,390699.86
RUN_policy_tightening_sample_2026_4aaa4164,SUITE_sample_2026,policy_tightening,2026,sample,2024-09-30,1-29,30-59,24,101060.67
RUN_policy_tightening_sample_2026_4aaa4164,SUITE_sample_2026,policy_tightening,2026,sample,2024-09-30,1-29,current,6,16159.61
RUN_policy_tightening_sample_2026_4aaa4164,SUITE_sample_2026,policy_tightening,2026,sample,2024-09-30,30-59,60-89,10,38228.40
RUN_policy_tightening_sample_2026_4aaa4164,SUITE_sample_2026,policy_tightening,2026,sample,2024-09-30,30-59,current,6,13309.28
RUN_policy_tightening_sample_2026_4aaa4164,SUITE_sample_2026,policy_tightening,2026,sample,2024-09-30,60-89,90+,10,41836.09
RUN_policy_tightening_sample_2026_4aaa4164,SUITE_sample_2026,policy_tightening,2026,sample,2024-09-30,60-89,current,3,4325.32
RUN_policy_tightening_sample_2026_4aaa4164,SUITE_sample_2026,policy_tightening,2026,sample,2024-09-30,90+,90+,10,52116.62
RUN_policy_tightening_sample_2026_4aaa4164,SUITE_sample_2026,policy_tightening,2026,sample,2024-09-30,90+,current,1,0.00
RUN_policy_tightening_sample_2026_4aaa4164,SUITE_sample_2026,policy_tightening,2026,sample,2024-09-30,current,1-29,32,154457.41
RUN_policy_tightening_sample_2026_4aaa4164,SUITE_sample_2026,policy_tightening,2026,sample,2024-09-30,current,current,123,453768.44
RUN_policy_tightening_sample_2026_4aaa4164,SUITE_sample_2026,policy_tightening,2026,sample,2024-10-31,1-29,30-59,21,87022.53
RUN_policy_tightening_sample_2026_4aaa4164,SUITE_sample_2026,policy_tightening,2026,sample,2024-10-31,1-29,60-89,1,6521.84
RUN_policy_tightening_sample_2026_4aaa4164,SUITE_sample_2026,policy_tightening,2026,sample,2024-10-31,1-29,current,10,51862.54
RUN_policy_tightening_sample_2026_4aaa4164,SUITE_sample_2026,policy_tightening,2026,sample,2024-10-31,30-59,60-89,17,69134.64
RUN_policy_tightening_sample_2026_4aaa4164,SUITE_sample_2026,policy_tightening,2026,sample,2024-10-31,30-59,90+,2,2206.59
RUN_policy_tightening_sample_2026_4aaa4164,SUITE_sample_2026,policy_tightening,2026,sample,2024-10-31,30-59,current,5,22400.62
RUN_policy_tightening_sample_2026_4aaa4164,SUITE_sample_2026,policy_tightening,2026,sample,2024-10-31,60-89,90+,8,27828.06
RUN_policy_tightening_sample_2026_4aaa4164,SUITE_sample_2026,policy_tightening,2026,sample,2024-10-31,60-89,current,2,7070.77
RUN_policy_tightening_sample_2026_4aaa4164,SUITE_sample_2026,policy_tightening,2026,sample,2024-10-31,90+,90+,14,32365.01
RUN_policy_tightening_sample_2026_4aaa4164,SUITE_sample_2026,policy_tightening,2026,sample,2024-10-31,90+,current,5,13565.65
RUN_policy_tightening_sample_2026_4aaa4164,SUITE_sample_2026,policy_tightening,2026,sample,2024-10-31,current,1-29,38,169164.78
RUN_policy_tightening_sample_2026_4aaa4164,SUITE_sample_2026,policy_tightening,2026,sample,2024-10-31,current,30-59,1,8975.38
RUN_policy_tightening_sample_2026_4aaa4164,SUITE_sample_2026,policy_tightening,2026,sample,2024-10-31,current,current,160,550855.65
RUN_policy_tightening_sample_2026_4aaa4164,SUITE_sample_2026,policy_tightening,2026,sample,2024-11-30,1-29,30-59,26,123672.29
RUN_policy_tightening_sample_2026_4aaa4164,SUITE_sample_2026,policy_tightening,2026,sample,2024-11-30,1-29,current,12,36090.72
RUN_policy_tightening_sample_2026_4aaa4164,SUITE_sample_2026,policy_tightening,2026,sample,2024-11-30,30-59,60-89,19,81207.44
RUN_policy_tightening_sample_2026_4aaa4164,SUITE_sample_2026,policy_tightening,2026,sample,2024-11-30,30-59,current,3,8250.29
RUN_policy_tightening_sample_2026_4aaa4164,SUITE_sample_2026,policy_tightening,2026,sample,2024-11-30,60-89,90+,13,49368.66
RUN_policy_tightening_sample_2026_4aaa4164,SUITE_sample_2026,policy_tightening,2026,sample,2024-11-30,60-89,current,5,19620.72
RUN_policy_tightening_sample_2026_4aaa4164,SUITE_sample_2026,policy_tightening,2026,sample,2024-11-30,90+,90+,13,26373.13
RUN_policy_tightening_sample_2026_4aaa4164,SUITE_sample_2026,policy_tightening,2026,sample,2024-11-30,90+,current,5,8755.28
RUN_policy_tightening_sample_2026_4aaa4164,SUITE_sample_2026,policy_tightening,2026,sample,2024-11-30,current,1-29,65,265835.79
RUN_policy_tightening_sample_2026_4aaa4164,SUITE_sample_2026,policy_tightening,2026,sample,2024-11-30,current,30-59,1,1143.71
RUN_policy_tightening_sample_2026_4aaa4164,SUITE_sample_2026,policy_tightening,2026,sample,2024-11-30,current,current,176,612271.00
RUN_policy_tightening_sample_2026_4aaa4164,SUITE_sample_2026,policy_tightening,2026,sample,2024-12-31,1-29,30-59,47,193736.92
RUN_policy_tightening_sample_2026_4aaa4164,SUITE_sample_2026,policy_tightening,2026,sample,2024-12-31,1-29,60-89,1,8964.85
RUN_policy_tightening_sample_2026_4aaa4164,SUITE_sample_2026,policy_tightening,2026,sample,2024-12-31,1-29,current,17,50312.61
RUN_policy_tightening_sample_2026_4aaa4164,SUITE_sample_2026,policy_tightening,2026,sample,2024-12-31,30-59,60-89,21,100284.80
RUN_policy_tightening_sample_2026_4aaa4164,SUITE_sample_2026,policy_tightening,2026,sample,2024-12-31,30-59,current,6,15507.78
RUN_policy_tightening_sample_2026_4aaa4164,SUITE_sample_2026,policy_tightening,2026,sample,2024-12-31,60-89,90+,13,65053.52
RUN_policy_tightening_sample_2026_4aaa4164,SUITE_sample_2026,policy_tightening,2026,sample,2024-12-31,60-89,current,6,7705.36
RUN_policy_tightening_sample_2026_4aaa4164,SUITE_sample_2026,policy_tightening,2026,sample,2024-12-31,90+,90+,14,33877.36
RUN_policy_tightening_sample_2026_4aaa4164,SUITE_sample_2026,policy_tightening,2026,sample,2024-12-31,90+,current,6,10620.32
RUN_policy_tightening_sample_2026_4aaa4164,SUITE_sample_2026,policy_tightening,2026,sample,2024-12-31,current,1-29,59,272197.07
RUN_policy_tightening_sample_2026_4aaa4164,SUITE_sample_2026,policy_tightening,2026,sample,2024-12-31,current,30-59,4,15536.30
RUN_policy_tightening_sample_2026_4aaa4164,SUITE_sample_2026,policy_tightening,2026,sample,2024-12-31,current,current,202,782259.50
